<addon id="script.service.updatem3u" name="Refresh Live TV" version="0.0.1" provider-name="Live TV">
<requires>
  <import addon="xbmc.python"                 version="2.26.0"/>
  <import addon="xmbc.json"   version="9.7.2"/>
  <import addon="script.module.simplejson"    version="2.0.10"/>
</requires>
<extension point="xbmc.python.script" library="default.py">
  <provides>programs</provides>
</extension>
<summary lang="en_GB">Updates Live TV.</summary>
<description lang="en_GB">Select this to fix Live TV.</description>
<disclaimer lang="en_GB">.</disclaimer>
<news>N/A</news>
<platform>all</platform>
<language>en</language>
<license>GNU GENERAL PUBLIC LICENSE. Version 2, June 1991</license>
<forum>live.tv/live</forum>
<website>live.tv</website>
<source>live.tv</source>
<email>live@live.tv</email>
<assets>
    <icon>resources/icon.png</icon>
</assets>



